business_name,mobile_number,coaching_type,rating,reviews,website,short_address,district,taluka,city,maps_link
A Coaching Classes .....,,Tuition,5.0,10,,"Ranpise Nagar, Akola",Akola,,,https://www.google.com/maps/place/A coaching classes ...../data=!4m7!3m6!1s0x3bd72e1d4f43667d:0xd6ddbc5991c3bd13!8m2!3d20.7058213!4d77.0113913!16s/g/11fyx9rsy6!19sChIJfWZDTx0u1zsRE73DkVm83dY
Abacus & Vedic Maths Academy,,"Mathematics, Abacus, Vedic Maths",5.0,1,,"Siddhivinayak Nagar, Amravati",Akola,Akot,,https://www.google.com/maps/place/Abacus & Vedic Maths Academy/data=!4m7!3m6!1s0x3bd6a36c55d4926f:0xb9e2a9c9cd9b4a48!8m2!3d20.956901!4d77.7652119!16s/g/11gm8hxq69!19sChIJb5LUVWyj1jsRSEqbzcmp4rk
Agrawal Commerce Academy Akola,9960220131,"Commerce Classes, Tuition",5.0,2,,"Kapila Nagar, Akola",Akola,,,https://www.google.com/maps/place/Agrawal Commerce Academy Akola/data=!4m7!3m6!1s0x3bd731b144c5b105:0xdf15053c4bcccefa!8m2!3d20.6918363!4d77.0172483!16s/g/11j3x4h_8q!19sChIJBbHFRLEx1zsR-s7MSzwFFd8
Akola Coaching Classes,9834427915,"Banking, Tuition",5.0,1,,"Kaulkhed, Akola",Akola,Barshitakli,,https://www.google.com/maps/place/Akola Coaching Classes/data=!4m7!3m6!1s0x3bd72d1e2b1efd93:0x88f35ce062e3e008!8m2!3d20.675979!4d77.015749!16s/g/11y1h5w56w!19sChIJk_0eKx4t1zsRCODjYuBc84g
Akola Defence Academy,,Defence,5.0,2,,"Ramdaspeth, Akola",Akola,,,https://www.google.com/maps/place/Akola Defence Academy/data=!4m7!3m6!1s0x3bd73168d521f403:0x89a07f6d2e4358cf!8m2!3d20.7189184!4d77.0065269!16s/g/11q84l6vhr!19sChIJA_Qh1Wgx1zsRz1hDLm1_oIk
Ameen Classes,7021610412,"IIT JEE, Tuition",5.0,28,,"Bhawani Peth, Akola",Akola,,,https://www.google.com/maps/place/Ameen Classes/data=!4m7!3m6!1s0x3bd731a431b6db0f:0xf0c5d29617aa569b!8m2!3d20.7164101!4d76.9975511!16s/g/11rqx2j3sf!19sChIJD9u2MaQx1zsRm1aqF5bSxfA
Aski Kids Pre School,8658217317,Kids Learning,5.0,4,,"Keshavraj Vetaal, Akot",Akola,Akot,,https://www.google.com/maps/place/Aski Kids Pre School/data=!4m7!3m6!1s0x3bd71b181617efb7:0xeca20e4e9180cf93!8m2!3d21.0934821!4d77.0626015!16s/g/11q8gdbhln!19sChIJt-8XFhgb1zsRk8-AkU4Oouw
Atkare Coaching Classes,,Tuition,5.0,1,,"Saraswati Nagar, Akot",Akola,Akot,,https://www.google.com/maps/place/Atkare coaching classes/data=!4m7!3m6!1s0x3bd71b001afabf0d:0xa71cca579254cc7a!8m2!3d21.0868222!4d77.0592397!16s/g/11whjm0yft!19sChIJDb_6GgAb1zsResxUklfKHKc
Awake Institute Of Skill Development,,"Spoken English, Tuition, English Academy",5.0,47,,"Renuka Nagar, Akola",Akola,,,https://www.google.com/maps/place/AWAKE INSTITUTE OF SKILL DEVELOPMENT/data=!4m7!3m6!1s0x3bd72f158bb23a65:0x78ce19ac67719fee!8m2!3d20.7086127!4d76.9816739!16s/g/11sd8q22kv!19sChIJZTqyixUv1zsR7p9xZ6wZzng
Bhagvati Computer Akot,9730126913,"Computer Classes, Tuition",5.0,1,,"Pawar Colony, Akot",Akola,Akot,,"https://www.google.com/maps/place/Bhagvati Computer, Akot/data=!4m7!3m6!1s0x3bd71b79b1eb3437:0x23f6bed0384353c7!8m2!3d21.0941624!4d77.0544573!16s/g/11rs07vdjy!19sChIJNzTrsXkb1zsRx1NDONC-9iM"
Blossom Kids,,Kids Learning,5.0,7,,"Mq5f 5ch, Balapur",Akola,Balapur,,"https://www.google.com/maps/place/Blossom Kids/@20.6579353,76.7710263,17z/data=!3m1!4b1!4m6!3m5!1s0x3bd74bceac17f5ef:0xeb9ef938ec70beb0!8m2!3d20.6579303!4d76.7736012!16s/g/11f3tprws7"
Chetan Sir's Calculus Academy,9022282656,Tuition,5.0,70,,"Tapadia Nagar, Akola",Akola,,,https://www.google.com/maps/place/Chetan Sir's Calculus Academy/data=!4m7!3m6!1s0x3bd73150e1d40289:0x81935041d2773079!8m2!3d20.7171997!4d77.0091522!16s/g/11v_5gmwvx!19sChIJiQLU4VAx1zsReTB30kFQk4E
Chevron The English World The Institute Of Child & Human Development,9922840832,"Spoken English, Tuition, English Academy",5.0,13,,"Ranpise Nagar, Akola",Akola,,,https://www.google.com/maps/place/Chevron The English World The Institute Of Child & Human Development/data=!4m7!3m6!1s0x3bd72fcb958baab5:0x63c8bf3444d1cbe5!8m2!3d20.706653!4d77.0142177!16s/g/11rtzb2wtx!19sChIJtaqLlcsv1zsR5cvRRDS_yGM
Commerce Classes,6367923120,"Commerce Classes, Tuition",5.0,45,,"Shivane, Pune",Akola,Balapur,,https://www.google.com/maps/place/Commerce classes/data=!4m7!3m6!1s0x3bc295007e1de9c5:0xee483b0efaa0dfb5!8m2!3d18.4660241!4d73.791074!16s/g/11yhdfpjvk!19sChIJxekdfgCVwjsRtd-g-g47SO4
Darul Uloom Akola Mh Global English School,,English Academy,5.0,5,,"Sukoda Fata, Akola",Akola,Akot,,https://www.google.com/maps/place/DARUL ULOOM AKOLA MH GLOBAL English School/data=!4m7!3m6!1s0x3bd731cb77ffa83b:0x5b5318a6888ab695!8m2!3d20.7410341!4d77.0065001!16s/g/11v0pgk7p2!19sChIJO6j_d8sx1zsRlbaKiKYYU1s
Divya Maam's Chemia Coaching Classes,9325515878,Tuition,5.0,108,,"Ranpise Nagar, Akola",Akola,,,https://www.google.com/maps/place/DIVYA MAAM'S CHEMIA COACHING CLASSES/data=!4m7!3m6!1s0x3bd7311916f8de35:0x9eca3695c6a76717!8m2!3d20.7058415!4d77.0114264!16s/g/11q2rrt002!19sChIJNd74Fhkx1zsRF2enxpU2yp4
Dynamic Coaching Classes,9765244367,"IIT JEE, Tuition",5.0,9,,"Bhawani Peth, Akola",Akola,,,https://www.google.com/maps/place/Dynamic Coaching Classes/data=!4m7!3m6!1s0x3bd7314e739a41dd:0xcf35ee1bc46205c7!8m2!3d20.7192391!4d76.9983106!16s/g/11kpxsprjw!19sChIJ3UGac04x1zsRxwVixBvuNc8
Experts Proactive Abacus & Vedic Maths,,"Tuition, Mathematics, Abacus, Vedic Maths",5.0,7,,"Ranpise Nagar, Akola",Akola,,,https://www.google.com/maps/place/Experts Proactive Abacus & Vedic Maths/data=!4m7!3m6!1s0x3bd72f5f1bc5432d:0xf18547ff42b42fba!8m2!3d20.7092746!4d77.0180084!16s/g/11vt0vps56!19sChIJLUPFG18v1zsRui-0Qv9HhfE
Gurumauli Coaching Classes,,"Commerce Classes, Tuition",5.0,8,,"Hrgx 9wr, Shiv Chowk",Akola,Balapur,,https://www.google.com/maps/place/GURUMAULI COACHING CLASSES/data=!4m7!3m6!1s0x3bd0cbab8318aa2b:0x7a0207beb6b3d599!8m2!3d20.5759919!4d76.8497569!16s/g/11nwwx97x7!19sChIJK6oYg6vL0DsRmdWztr4HAno
Hplus Academy,9518799058,IIT JEE,5.0,19,,"Milk Dairy Rd, Akola",Akola,,,https://www.google.com/maps/place/HPlus Academy/data=!4m7!3m6!1s0x3bd72f52d7465e0f:0xc72d2b7d5ea6deac!8m2!3d20.7006726!4d77.0144482!16s/g/11fjqjv821!19sChIJD15G11Iv1zsRrN6mXn0rLcc
Ignite Coaching Classes,,Tuition,5.0,1,,"Mothi Umri, Akola",Akola,,,https://www.google.com/maps/place/Ignite coaching classes/data=!4m7!3m6!1s0x3bd72fb7830ed9bf:0xb70cbd09a557e188!8m2!3d20.7170771!4d77.0331525!16s/g/11kbnkk821!19sChIJv9kOg7cv1zsRiOFXpQm9DLc
Infinity Coaching Classes Akola,,"NEET, Tuition",5.0,11,,"Ranpise Nagar, Akola",Akola,,,"https://www.google.com/maps/place/Infinity Coaching Classes, Akola/data=!4m7!3m6!1s0x3bd72f30e0017631:0x40b503a24985409f!8m2!3d20.7115489!4d77.0136856!16s/g/11tc1vsdyc!19sChIJMXYB4DAv1zsRn0CFSaIDtUA"
Magic Mind,9021037627,"Mathematics, Abacus, Vedic Maths",5.0,1,,"Dahigaon Gawande, Akola",Akola,,,https://www.google.com/maps/place/Magic Mind - Abacus & Vedic Maths Teacher and kids Training Institute/data=!4m7!3m6!1s0x3bd731002732a24b:0x8e690a53bb69d5fc!8m2!3d20.6956835!4d76.9944476!16s/g/11w7tykgx8!19sChIJS6IyJwAx1zsR_NVpu1MKaY4
Mathematics Coaching Classes,,"CS, Tuition, Mathematics",5.0,1,,"Old City, Akola",Akola,Balapur,,https://www.google.com/maps/place/MATHEMATICS COACHING CLASSES/data=!4m7!3m6!1s0x3bd731706a2cdc31:0x2fd0451879c1ac49!8m2!3d20.7018912!4d76.9822364!16s/g/11g1lxnt8n!19sChIJMdwsanAx1zsRSazBeRhF0C8
Mercy Coaching And English Speaking Classes,9011355996,"Spoken English, Tuition, English Academy",5.0,10,,"Keshavraj Vetaal, Akot",Akola,Akot,,https://www.google.com/maps/place/Mercy coaching and English speaking classes/data=!4m7!3m6!1s0x3bd71b5e2cdf899d:0x61664b8a9e0e2ad7!8m2!3d21.094463!4d77.0605804!16s/g/11qydkgpdg!19sChIJnYnfLF4b1zsR1yoOnopLZmE
Mind Spark Abacus Academy,,"Tuition, Abacus",5.0,5,,"Gajanan Nagar, Akola",Akola,Akola,,https://www.google.com/maps/place/Mind Spark- Abacus Academy/data=!4m7!3m6!1s0x3bd731e8ac2b7f47:0x4342295f5aae88ff!8m2!3d20.7138977!4d76.9768648!16s/g/11xmhkh1hj!19sChIJR38rrOgx1zsR_4iuWl8pQkM
Nerkar Commerce Classes,9021693805,"Commerce Classes, Tuition",5.0,22,,"Vhb Colony, Akola",Akola,,,https://www.google.com/maps/place/Nerkar Commerce Classes/data=!4m7!3m6!1s0x3bd731d3264b34d9:0x472baa1e031387f8!8m2!3d20.7071281!4d77.0093685!16s/g/11h55yqpxn!19sChIJ2TRLJtMx1zsR-IcTAx6qK0c
Paramount Academy Akola,,English Academy,5.0,4,,"New Radhakisan Plots, Akola",Akola,,,"https://www.google.com/maps/place/Paramount Academy, Akola/data=!4m7!3m6!1s0x3bd72dc0c41211e7:0xef8a5865829b2539!8m2!3d20.7057839!4d77.005815!16s/g/11lgwdz_g5!19sChIJ5xESxMAt1zsROSWbgmVYiu8"
Rise,7373061111,Tuition,5.0,52,,"Kirti Nagar, Akola",Akola,,,https://www.google.com/maps/place/RISE - Rathi Institute of Science Education/data=!4m7!3m6!1s0x3bd72f36cb3a17a7:0x48e791fc7f313eb7!8m2!3d20.6995446!4d77.0135605!16s/g/11v5x_c_rp!19sChIJpxc6yzYv1zsRtz4xf_yR50g
Rising Super Abacus Academy,9921834797,"Tuition, Abacus",5.0,2,,"Sbi Colony, Shegaon",Akola,Balapur,,https://www.google.com/maps/place/Rising Super Abacus Academy/data=!4m7!3m6!1s0x3bd745a0e6bc072f:0x26b014f784c268fe!8m2!3d20.7887743!4d76.683566!16s/g/11vz53th1q!19sChIJLwe85qBF1zsR_mjChPcUsCY
Rkc & Associates Llp Chartered Accountants,9423152538,CA,5.0,16,,"Kirti Nagar, Akola",Akola,Akot,,"https://www.google.com/maps/place/RKC & Associates LLP, Chartered Accountants/data=!4m7!3m6!1s0x3bd7319fed5d0fb5:0x39c14c02169caec4!8m2!3d20.6967633!4d77.0118667!16s/g/11fnh6bf5x!19sChIJtQ9d7Z8x1zsRxK6cFgJMwTk"
S & K Academy,,Tuition,5.0,10,,"Jatharpeth Rd, Akola",Akola,,,https://www.google.com/maps/place/S & K Academy/data=!4m7!3m6!1s0x3bd7312f59b6ec93:0x3e2c611aed85ce4d!8m2!3d20.714441!4d77.0094858!16s/g/11x8gp22nt!19sChIJk-y2WS8x1zsRTc6F7RphLD4
Sawarkar Computer Typing Institute,7020470210,"Computer Classes, Tuition",5.0,2,,"Gaulipura, Akot",Akola,Akot,,https://www.google.com/maps/place/SAWARKAR COMPUTER TYPING INSTITUTE/data=!4m7!3m6!1s0x3bd71b5ae8e800c5:0x85e9113ce9301d83!8m2!3d21.0965457!4d77.0565026!16s/g/11smnw77tq!19sChIJxQDo6Fob1zsRgx0w6TwR6YU
Scholar's Commerce And Science Academy Akola,7276429064,"Commerce Classes, Science",5.0,1,,"Mominpura, Akola",Akola,,,https://www.google.com/maps/place/Scholar's Commerce and Science Academy Akola/data=!4m7!3m6!1s0x3bd73101da1245b5:0xa1d1bcb022148f5a!8m2!3d20.7151668!4d76.9980958!16s/g/11m9qbymt7!19sChIJtUUS2gEx1zsRWo8UIrC80aE
Shrikant Lande Sir's NEET JEE CET Coaching Classes,,"IIT JEE, NEET, CET, Tuition",5.0,3,,"Shastri Nagar, Akola",Akola,,,https://www.google.com/maps/place/SHRIKANT LANDE SIR'S NEET/JEE/CET COACHING CLASSES/data=!4m7!3m6!1s0x3bd72f004fb45d57:0xac397abba5542c20!8m2!3d20.7044671!4d77.0152002!16s/g/11wbvj81wj!19sChIJV120TwAv1zsRICxUpbt6Oaw
Software Square Academy,7020514095,"Computer Classes, Tuition",5.0,173,,"Ranpise Nagar, Akola",Akola,,,https://www.google.com/maps/place/Software Square Academy/data=!4m7!3m6!1s0x3bd72f7c3a30e2f7:0xfc797b93ac73b3b!8m2!3d20.7067233!4d77.0140217!16s/g/11fkwcq8m1!19sChIJ9-IwOnwv1zsROzvHOrmXxw8
Special Coaching Classes,,Tuition,5.0,62,,"Dwarka Nagri, Akola",Akola,,,https://www.google.com/maps/place/Special Coaching Classes/data=!4m7!3m6!1s0x3bd72fd1fbac362b:0x108466ef91511131!8m2!3d20.7031787!4d77.0159866!16s/g/11j0jg8lw6!19sChIJKzas-9Ev1zsRMRFRke9mhBA
Success Coaching Classes,,"CS, Tuition",5.0,7,,"J2pv Vgj, Kanheri",Akola,Balapur,,https://www.google.com/maps/place/Success coaching classes/data=!4m7!3m6!1s0x3bd72de035af3653:0x49b34b369d2999f4!8m2!3d20.6372125!4d77.0437656!16s/g/11vbgf4mxw!19sChIJUzavNeAt1zsR9JkpnTZLs0k
Success Proactive Abacus,8177921821,"Tuition, Abacus",5.0,1,,"In Front Of Shani Mandir, Shegaon",Akola,Balapur,,https://www.google.com/maps/place/SUCCESS PROACTIVE ABACUS 🧮/data=!4m7!3m6!1s0x3bd7456fcf0eb7ad:0x40fbed6bcdb9f58d!8m2!3d20.7927973!4d76.6958917!16s/g/11vwz4ydwq!19sChIJrbcOz29F1zsRjfW5zWvt-0A
Surani Coaching Classes,9561556522,"Aptitude, Tuition",5.0,4,,"Pr98 P3g, Paras",Akola,Balapur,,https://www.google.com/maps/place/SURANI Coaching Classes/data=!4m7!3m6!1s0x3bd749d1f7dbd007:0x5f2deda6aae0cc5a!8m2!3d20.7193068!4d76.8152173!16s/g/11c6__vhty!19sChIJB9Db99FJ1zsRWszgqqbtLV8
Suyash Coaching Classes Hiwarkhed,9422352172,Tuition,5.0,1,,"Hiwarkhed, Akot",Akola,Akot,,https://www.google.com/maps/place/Suyash coaching classes Hiwarkhed/data=!4m7!3m6!1s0x3bd71b2919b4a4cd:0xc910af3234524b32!8m2!3d21.0984375!4d77.0638125!16s/g/11kxggvzpn!19sChIJzaS0GSkb1zsRMktSNDKvEMk
Swapnil Sir S Academy Shegaon,7821095369,Science,5.0,66,,Shegaon,Akola,Balapur,,https://www.google.com/maps/place/SWAPNIL SIR’S ACADEMY SHEGAON/data=!4m7!3m6!1s0x3bd74500644984c5:0x108287c4db3912b4!8m2!3d20.7928754!4d76.6915105!16s/g/11vwdl_rm3!19sChIJxYRJZABF1zsRtBI528SHghA
Taha Coaching Classes,,Tuition,5.0,1,,"Jafrabad, Akola",Akola,Akot,,https://www.google.com/maps/place/Taha coaching classes/data=!4m7!3m6!1s0x3bd73100306b57a5:0x5e37b1871a2ba2c4!8m2!3d20.7357349!4d77.0014358!16s/g/11lck4xv94!19sChIJpVdrMAAx1zsRxKIrGoexN14
The Photon Academy,8263058401,IIT JEE,5.0,3,,"Shastri Nagar, Akola",Akola,,,https://www.google.com/maps/place/The Photon Academy/data=!4m7!3m6!1s0x3bd72f5424241493:0xe2f821e34a19bfc3!8m2!3d20.7071201!4d77.0166567!16s/g/11zkvwvjhx!19sChIJkxQkJFQv1zsRw78ZSuMh-OI
A Unique Academy,,"Tuition, Mathematics",4.9,19,,"Mehsool Colony, Akola",Akola,,,https://www.google.com/maps/place/A UNIQUE ACADEMY/data=!4m7!3m6!1s0x3bd731e254a5ba09:0x5770542eb1b66a93!8m2!3d20.7080998!4d77.0075589!16s/g/11d_bzdr5d!19sChIJCbqlVOIx1zsRk2q2sS5UcFc
Abhay Mankar Sir's Aim Coaching Classes,8087960606,Tuition,4.9,264,,"Shastri Nagar, Akola",Akola,,,https://www.google.com/maps/place/Abhay Mankar Sir's Aim Coaching Classes/data=!4m7!3m6!1s0x3bd72f12d19ff871:0xe6cb455fd6c51056!8m2!3d20.7052077!4d77.0150659!16s/g/11r9tyhl8j!19sChIJcfif0RIv1zsRVhDF1l9Fy-Y
Achieve The Institute Of Value Education,,Tuition,4.9,72,,"Chhoti Umari, Akola",Akola,,,https://www.google.com/maps/place/Achieve-The Institute Of Value Education अचिव ईस्टीट्युट/data=!4m7!3m6!1s0x3bd72e1e218c5501:0xd3fba99f738589b1!8m2!3d20.7131624!4d77.0211637!16s/g/11c6vrbd3w!19sChIJAVWMIR4u1zsRsYmFc5-p-9M
Aditya Math Class,,"Tuition, Mathematics",4.9,9,,"Balapur, Shegaon",Akola,Balapur,,https://www.google.com/maps/place/ADITYA MATH CLASS/data=!4m7!3m6!1s0x3bd745a6c0542ca5:0xeacd722de72c0503!8m2!3d20.793002!4d76.691652!16s/g/11cn0m382y!19sChIJpSxUwKZF1zsRAwUs5y1yzeo
Aim Coaching Classes Barshitakli,7774806333,"IIT JEE, Tuition",4.9,7,,Barsi Takli,Akola,Barshitakli,,https://www.google.com/maps/place/AIM Coaching Classes Barshitakli/data=!4m7!3m6!1s0x3bd0d38777907235:0x12916e6557794a6e!8m2!3d20.5776364!4d77.065055!16s/g/11q93tdyh7!19sChIJNXKQd4fT0DsRbkp5V2VukRI
Chartered Academy,,CA,4.9,14,,"Kapila Nagar, Akola",Akola,,,https://www.google.com/maps/place/Chartered Academy/data=!4m7!3m6!1s0x3bd72d6ad9702201:0x947f77a0519a9d65!8m2!3d20.6863695!4d77.0230602!16s/g/11nhdzwsbr!19sChIJASJw2Wot1zsRZZ2aUaB3f5Q
Chemguru Science Academy Coaching Class,9970383914,"Tuition, Science",4.9,40,,"Ranpise Nagar, Akola",Akola,,,https://www.google.com/maps/place/Chemguru Science Academy (Coaching Class)/data=!4m7!3m6!1s0x3bd731161e5307f5:0xbcbaf2b46f40bee7!8m2!3d20.7075746!4d77.0171866!16s/g/11jn4vjh22!19sChIJ9QdTHhYx1zsR575Ab7Tyurw
Gyanam Coaching Classes,7769995263,Tuition,4.9,23,,"Dahigaon Gawande, Akola",Akola,,,https://www.google.com/maps/place/GYANAM COACHING CLASSES/data=!4m7!3m6!1s0x3bd73166fb333bad:0xdb557be11232bcdd!8m2!3d20.6896484!4d76.9915265!16s/g/11h3nn4n09!19sChIJrTsz-2Yx1zsR3bwyEuF7Vds
Knowledge Nexus Academy,,NEET,4.9,72,,"Mominpura, Akola",Akola,,,https://www.google.com/maps/place/KNOWLEDGE NEXUS ACADEMY/data=!4m7!3m6!1s0x3bd731007e4aa645:0x586b83023f1fcf94!8m2!3d20.7154601!4d77.0009278!16s/g/11vywvkm6b!19sChIJRaZKfgAx1zsRlM8fPwKDa1g
Nina More Knowledge Academy,,CMA,4.9,222,,"Manorama Bhavan, Alsi Plot 393",Akola,,,https://www.google.com/maps/place/Nina More Knowledge Academy/data=!4m7!3m6!1s0x3bd731aec955fb77:0x1d7bf7c099737bd5!8m2!3d20.6998856!4d77.0049401!16s/g/11hz6tm3yy!19sChIJd_tVya4x1zsR1XtzmcD3ex0
Patil Career Academy Army Navy Air Force Classes,9822540356,"Army, Tuition",4.9,414,,"College Rd, Kolhapur",Akola,Balapur,,"https://www.google.com/maps/place/Patil Career Academy (Army, Navy, Air force Classes)/data=!4m7!3m6!1s0x3bc1000909b69745:0xc5bbc87e17ee9a89!8m2!3d16.6907989!4d74.220975!16s/g/11c0p_qg7d!19sChIJRZe2CQkAwTsRiZruF37Iu8U"
Psv S Nurtury The Toybrary,9136830952,Kids Learning,4.9,40,,"Aadarsh Colony, Akola",Akola,,,https://www.google.com/maps/place/PSV’s Nurtury the Toybrary/data=!4m7!3m6!1s0x3bd7312f711479df:0x29cfe723b2cc3dd7!8m2!3d20.6940391!4d77.0126979!16s/g/11qnkl59fv!19sChIJ33kUcS8x1zsR1z3MsiPnzyk
Shree Commerce Coaching Classes,9970544880,"Commerce Classes, Tuition",4.9,69,,"Rokadiya Nagar, Shegaon",Akola,Balapur,,https://www.google.com/maps/place/Shree Commerce Coaching Classes/data=!4m7!3m6!1s0x3bd745a1217ff5d5:0xefe00eb98c388540!8m2!3d20.7900963!4d76.6907231!16s/g/11gfnhh2h1!19sChIJ1fV_IaFF1zsRQIU4jLkO4O8
Simkids School,7709977758,Kids Learning,4.9,36,,"Sahakar Nagar, Akola",Akola,,,https://www.google.com/maps/place/Simkids school/data=!4m7!3m6!1s0x3bd72f62562e684b:0xe556ab89188ebdc9!8m2!3d20.6870589!4d77.0249636!16s/g/11ghlrgz_b!19sChIJS2guVmIv1zsRyb2OGImrVuU
The Winner Academy,9834036854,"Police Bharti, Tuition",4.9,114,,"Gadge Nagar, Amravati",Akola,Balapur,,https://www.google.com/maps/place/The Winner Academy/data=!4m7!3m6!1s0x3bd6a3172ec64387:0x2f87558561506c14!8m2!3d20.9472479!4d77.7662206!16s/g/11py74q9x3!19sChIJh0PGLhej1jsRFGxQYYVVhy8
Triratna English Classes,7972911480,"Spoken English, Tuition, English Academy",4.9,11,,"Chhoti Umari, Akola",Akola,,,https://www.google.com/maps/place/Triratna English Classes/data=!4m7!3m6!1s0x3bd72e194b1ed48b:0x99c46a9d2bad3944!8m2!3d20.7125689!4d77.0162439!16s/g/11bztgzy3y!19sChIJi9QeSxku1zsRRDmtK51qxJk
Universal Ms Cit Computer Institute And Maths & Physics Classes Akot,9762652365,"Computer Classes, Tuition, Science, Mathematics",4.9,10,,"Gajanan Nagar, Akot",Akola,Akot,,https://www.google.com/maps/place/UNIVERSAL MS-CIT COMPUTER INSTITUTE and Maths & Physics Classes Akot/data=!4m7!3m6!1s0x3bd71b58b6da3c27:0x589b4f0f18b8ad1d!8m2!3d21.1025775!4d77.059262!16s/g/11p02fxzts!19sChIJJzzatlgb1zsRHa24GA9Pm1g
Vedant Computer Institute,9823355126,"Computer Classes, Tuition",4.9,125,,"Ranpise Nagar, Akola",Akola,,,https://www.google.com/maps/place/Vedant Computer Institute/data=!4m7!3m6!1s0x3bd72f0667cdce8b:0x83e9edb20ba21ea4!8m2!3d20.7078817!4d77.0172681!16s/g/11pkbdp33r!19sChIJi87NZwYv1zsRpB6iC7Lt6YM
Aspire The Institute Of Human Development,8275726017,"Spoken English, Tuition, English Academy",4.8,254,,"Sahakar Nagar, Akola",Akola,,,"https://www.google.com/maps/place/ASPIRE, The Institute Of Human Development/data=!4m7!3m6!1s0x3bd72dfcfd24613b:0x2b77fa67500f6b87!8m2!3d20.6909117!4d77.0196921!16s/g/11b6pcgbjh!19sChIJO2Ek_fwt1zsRh2sPUGf6dys"
Autocrat Coaching Classes,9922960305,Tuition,4.8,210,,"Soni Colony, Akola",Akola,,,https://www.google.com/maps/place/Autocrat Coaching Classes/data=!4m7!3m6!1s0x3bd7312b79e138cb:0x8869a3c75fc0a07e!8m2!3d20.712766!4d77.0087428!16s/g/11ll0q_1g_!19sChIJyzjheSsx1zsRfqDAX8ejaYg
Bouncy Bounce Preschool And Activity Centre,7276500723,Kids Learning,4.8,13,,"Shastri Nagar, Akola",Akola,,,https://www.google.com/maps/place/Bouncy Bounce PreSchool and Activity Centre/data=!4m7!3m6!1s0x3bd72f5703e389c9:0xeebe43d73e9bf226!8m2!3d20.7049579!4d77.0145129!16s/g/11w9sgydvd!19sChIJyYnjA1cv1zsRJvKbPtdDvu4
Gravity Classes Akola,9028290098,"IIT JEE, Tuition",4.8,242,,"Chhoti Umari, Akola",Akola,,,https://www.google.com/maps/place/Gravity Classes Akola/data=!4m7!3m6!1s0x3bd4c1278d85b555:0x5d5577df85210af4!8m2!3d20.714975!4d77.01624!16s/g/11f5bnqrmz!19sChIJVbWFjSfB1DsR9Aohhd93VV0
Kedia Commerce Classes Kc2,9881331553,"Commerce Classes, Tuition",4.8,272,,"Rlt College Road, Akola",Akola,,,https://www.google.com/maps/place/Kedia Commerce Classes KC2/data=!4m7!3m6!1s0x3bd7314ad195f2db:0x87cf2e788fcc3496!8m2!3d20.7054635!4d77.0063229!16s/g/11ghztgp6b!19sChIJ2_KV0Uox1zsRljTMj3guz4c
Mauli Education Akot,,CET,4.8,22,,"Road, Akot",Akola,Akot,,https://www.google.com/maps/place/Mauli Education Akot/data=!4m7!3m6!1s0x3bd71b7ff76ddc07:0x71a91a85fdcc3385!8m2!3d21.1007606!4d77.0565919!16s/g/11mtjl499n!19sChIJB9xt938b1zsRhTPM_YUaqXE
Origin Institute,7776969462,IIT JEE,4.8,40,,"Shastri Nagar, Akola",Akola,,,https://www.google.com/maps/place/Origin Institute/data=!4m7!3m6!1s0x3bd72ff1dc4aea19:0x8e314706edd34214!8m2!3d20.7057022!4d77.0154187!16s/g/11hdsfwb_5!19sChIJGepK3PEv1zsRFELT7QZHMY4
Savi Computer Institute,,"Computer Classes, Tuition",4.8,34,,"Chowk, Akola",Akola,,,https://www.google.com/maps/place/SAVI COMPUTER INSTITUTE/data=!4m7!3m6!1s0x3bd731eb3eea5305:0xd02c975b8fadda5e!8m2!3d20.7058742!4d77.0115355!16s/g/11w_knzf1g!19sChIJBVPqPusx1zsRXtqtj1uXLNA
Ucmas Abacus Akola,9769314502,"Tuition, Abacus",4.8,10,,"Sahakar Nagar, Akola",Akola,,,"https://www.google.com/maps/place/UCMAS ABACUS, Akola/data=!4m7!3m6!1s0x3bd72f2051cba6bf:0x582d369da93c3ab9!8m2!3d20.6892221!4d77.020873!16s/g/11f7qwkf0g!19sChIJv6bLUSAv1zsRuTo8qZ02LVg"
Utkarsh Academy,7517883862,Tuition,4.8,13,,"Keshav Nagar, Akola",Akola,,,https://www.google.com/maps/place/Utkarsh Academy/data=!4m7!3m6!1s0x3bd72def004021ed:0x7a6c7f174d83f358!8m2!3d20.6799643!4d77.0248732!16s/g/11fy4kd8g3!19sChIJ7SFAAO8t1zsRWPODTRd_bHo
Chavan Sir's Om Coaching Classes,,"Aptitude, Tuition",4.7,16,,"Malkapur, Akola",Akola,Balapur,,https://www.google.com/maps/place/Chavan Sir's Om Coaching Classes/data=!4m7!3m6!1s0x3bd72de9ca83a627:0xdbc6fe46fd70ba7c!8m2!3d20.6802507!4d77.0320038!16s/g/11fy9xt1rv!19sChIJJ6aDyukt1zsRfLpw_Ub-xts
Om Khotre Sir's Quanta Classes,8446622585,"IIT JEE, Tuition",4.7,58,,"Shastri Nagar, Akola",Akola,,,https://www.google.com/maps/place/Om Khotre Sir's QUANTA CLASSES/data=!4m7!3m6!1s0x3bd72e031293b4fb:0xaa1aaee0603121e7!8m2!3d20.7032559!4d77.0145865!16s/g/11hbpytx7b!19sChIJ-7STEgMu1zsR5yExYOCuGqo
Pande Sir's Math Corner,7020395364,"Tuition, Mathematics",4.7,3,,"Shastri Nagar, Akola",Akola,,,https://www.google.com/maps/place/Pande sir's MATH CORNER/data=!4m7!3m6!1s0x3bd72fc05c0a4447:0xd7252f26ed2c5f94!8m2!3d20.7045364!4d77.0148998!16s/g/11swmvcpd5!19sChIJR0QKXMAv1zsRlF8s7SYvJdc
Param Style Academy L Police Bharati Combine B C All Competitive Exams,,"Police Bharti, Tuition",4.7,90,,"Gadge Nagar, Amravati",Akola,Akot,,https://www.google.com/maps/place/Param Style Academy l POLICE BHARATI Combine B C All Competitive exams/data=!4m7!3m6!1s0x3bd6a3bd035a86f1:0x5d9c7baab7cfc512!8m2!3d20.945578!4d77.7667125!16s/g/11m68gkmdm!19sChIJ8YZaA72j1jsREsXPt6p7nF0
Shastrakar Sir's Utkarsh Education Akola,9370811902,Tuition,4.7,27,,"Toshniwal Layout, Akola",Akola,,,https://www.google.com/maps/place/Shastrakar Sir's Utkarsh Education Akola/data=!4m7!3m6!1s0x3bd72f230cf5c23d:0xc53d1dbbe91c1a54!8m2!3d20.701811!4d77.0165106!16s/g/11fsb1djry!19sChIJPcL1DCMv1zsRVBoc6bsdPcU
Surbhi Computer Center Akot,9822457299,"Computer Classes, Tuition",4.7,10,,"Bhavani, Akot",Akola,Akot,,"https://www.google.com/maps/place/Surbhi Computer Center, Akot/data=!4m7!3m6!1s0x3bd71b62fd061af3:0x6c7e959726f38bc9!8m2!3d21.099585!4d77.0578902!16s/g/11h9p6t6d7!19sChIJ8xoG_WIb1zsRyYvzJpeVfmw"
Ali Sir's Bond Career Institute,9827422145,NEET,4.6,43,,"Ranpise Nagar, Akola",Akola,,,https://www.google.com/maps/place/Ali Sir's BOND CAREER INSTITUTE/data=!4m7!3m6!1s0x3bd72ff45b5c0a3d:0xe5e6e71387434983!8m2!3d20.7094248!4d77.0171285!16s/g/11gr31s0cb!19sChIJPQpcW_Qv1zsRg0lDhxPn5uU
Mujahid M Khan Sir's Ideal Coaching Classes Akola,,"IIT JEE, Tuition",4.6,20,,,Akola,,,https://www.google.com/maps/place/Mujahid M Khan Sir's IDEAL COACHING CLASSES AKOLA/data=!4m7!3m6!1s0x3bd72f33a1799605:0xf6d4b5d75962c223!8m2!3d20.7058398!4d77.0113063!16s/g/11fsrh057f!19sChIJBZZ5oTMv1zsRI8JiWde11PY
Niraj Rathi's Career Forum Akola Nrcf,9422164530,Tuition,4.6,132,,Akola,Akola,,,"https://www.google.com/maps/place/Niraj RATHI'S CAREER FORUM, AKOLA (NRCF)/data=!4m7!3m6!1s0x3bd731e30e0fbf93:0x45016fa912c142ac!8m2!3d20.7070151!4d77.0064332!16s/g/1pyqmrv49!19sChIJk78PDuMx1zsRrELBEqlvAUU"
Oneness Commerce Classes,,"Commerce Classes, Tuition",4.6,16,,"Sindhi Colony, Akola",Akola,,,https://www.google.com/maps/place/Oneness Commerce Classes/data=!4m7!3m6!1s0x3bd731555b4fbd61:0x6912d7fb89d0290d!8m2!3d20.6955329!4d77.0049289!16s/g/11ssk9c6ny!19sChIJYb1PW1Ux1zsRDSnQifvXEmk
Phadke Academy,9922332119,Tuition,4.6,125,,"Jatharpeth, Akola",Akola,,,https://www.google.com/maps/place/Phadke Academy/data=!4m7!3m6!1s0x3bd72e188974036d:0xb28ca7c786d147ff!8m2!3d20.7163284!4d77.0187986!16s/g/11cnb65n5v!19sChIJbQN0iRgu1zsR_0fRhsenjLI
Vsm And Kgp Sir's Neev Academy Akola,7219542095,IIT JEE,4.6,174,,"Shastri Nagar, Akola",Akola,,,https://www.google.com/maps/place/VSM and KGP Sir's Neev Academy Akola/data=!4m7!3m6!1s0x3bd73146e3a8aaeb:0xc719aeef190a8c74!8m2!3d20.701428!4d77.0096761!16s/g/11qrfwkpn6!19sChIJ66qo40Yx1zsRdIwKGe-uGcc
4d,9156193402,Tuition,4.5,124,,"Jatharpeth, Akola",Akola,,,https://www.google.com/maps/place/4D - Gurukul/data=!4m7!3m6!1s0x3bd72e0400000001:0x448d972b0058c9f0!8m2!3d20.718837!4d77.0151753!16s/g/11t1k0ln05!19sChIJAQAAAAQu1zsR8MlYACuXjUQ
Ajay Kute Academy,9823651265,Tuition,4.5,305,,"Shastri Nagar, Akola",Akola,,,https://www.google.com/maps/place/Ajay Kute Academy/data=!4m7!3m6!1s0x3bd72f0e5737f7a5:0x79b9aa90d28ad2e9!8m2!3d20.7043398!4d77.011985!16s/g/11g0sqszyj!19sChIJpfc3Vw4v1zsR6dKK0pCquXk
Late Diwaliben Sedani English Medium School Akot,9822551209,English Academy,4.5,24,,"4394 R62, Akot",Akola,Akot,,https://www.google.com/maps/place/Late Diwaliben Sedani English Medium School Akot/data=!4m7!3m6!1s0x3bd71affc279c275:0xcb049137660df8cb!8m2!3d21.1195157!4d77.0555118!16s/g/11c206xhyg!19sChIJdcJ5wv8a1zsRy_gNZjeRBMs
Lokseva Career Academy Akola,9096430999,MPSC,4.5,2,,,Akola,,,https://www.google.com/maps/place/Lokseva career Academy Akola/data=!4m7!3m6!1s0x3bd73164b7040a7d:0x90716532e0260b9b!8m2!3d20.707883!4d77.0099955!16s/g/11rylmljl5!19sChIJfQoEt2Qx1zsRmwsm4DJlcZA
Noble Tuition Class Abdul Sami Sir,8796680605,Tuition,4.5,10,,"Jafrabad, Akola",Akola,Akot,,https://www.google.com/maps/place/Noble Tuition Class Abdul Sami Sir/data=!4m7!3m6!1s0x3bd7315a8f77a61d:0x8b417166c48d49b7!8m2!3d20.7250132!4d77.0004317!16s/g/11gtzpb5rb!19sChIJHaZ3j1ox1zsRt0mNxGZxQYs
Achievers Comp Tech Computer Training Center Akot,9356338081,"Computer Classes, Tuition",4.4,38,,"Akot Mothe Bargan, Akot",Akola,Akot,,https://www.google.com/maps/place/Achievers Comp-Tech Computer Training Center Akot/data=!4m7!3m6!1s0x3bd71bbabc4e0ae5:0x5b927597d49f5ca3!8m2!3d21.0972514!4d77.0634601!16s/g/11nxc2znxc!19sChIJ5QpOvLob1zsRo1yf1Jd1kls
Ambika Hotel & Cold Drinks,,"Police Bharti, Tuition",4.4,11,,Balapur,Akola,Balapur,,https://www.google.com/maps/place/Ambika Hotel & Cold drinks/data=!4m7!3m6!1s0x3bd74bd1f87a279d:0x1bf5a475a4521d5c!8m2!3d20.6644304!4d76.7728238!16s/g/1tq6hjm6!19sChIJnSd6-NFL1zsRXB1SpHWk9Rs
Aski Computer Education Akot,9370317217,"Computer Classes, Tuition",4.4,13,,"Jaistambha Chouk, Akot",Akola,Akot,,https://www.google.com/maps/place/Aski Computer Education Akot/data=!4m7!3m6!1s0x3bd71bb4d1144b95:0x9959e187bd4be8b8!8m2!3d21.0980359!4d77.0573315!16s/g/11c1tt1413!19sChIJlUsU0bQb1zsRuOhLvYfhWZk
Captain Subhash Nirmale Career Academy Kanshivni Akola,9623987666,Army,4.4,85,,Kanshiwani,Akola,,,"https://www.google.com/maps/place/Captain Subhash Nirmale Career Academy Kanshivni,Akola/data=!4m7!3m6!1s0x3bd72b242e2dacf5:0xb97bb988834fd891!8m2!3d20.6218818!4d77.193536!16s/g/11hdltr34q!19sChIJ9awtLiQr1zsRkdhPg4i5e7k"
Jalamkar Classes,9923914883,Tuition,4.4,7,,"Ranpise Nagar, Akola",Akola,,,https://www.google.com/maps/place/Jalamkar Classes/data=!4m7!3m6!1s0x3bd72f3578cda28b:0xdae51e400a2fff18!8m2!3d20.7110007!4d77.0158714!16s/g/11t47d_m6w!19sChIJi6LNeDUv1zsRGP8vCkAe5do
Sarda's Career Point,9049449933,Tuition,4.4,141,,,Akola,,,https://www.google.com/maps/place/Sarda's Career Point/data=!4m7!3m6!1s0x3bd731e287ffdecb:0xc6a7ad406d0e98da!8m2!3d20.7078637!4d77.0096763!16s/g/11dyzlz5lm!19sChIJy97_h-Ix1zsR2pgObUCtp8Y
Asbah English School,9881693984,English Academy,4.3,11,,"Gajanan Nagar, Akot",Akola,Akot,,https://www.google.com/maps/place/Asbah English School/data=!4m7!3m6!1s0x3bd71badecc78e27:0xf238ef2fe63fc661!8m2!3d21.107746!4d77.0608232!16s/g/11d_ypls99!19sChIJJ47H7K0b1zsRYcY_5i_vOPI
Kushal Sir's Biologics Science Academy,,Science,4.3,11,,"Kaulkhed, Akola",Akola,,,https://www.google.com/maps/place/Kushal Sir's BIOLOGICS SCIENCE ACADEMY/data=!4m7!3m6!1s0x3bd72db964e3117f:0x239a20adbd304a7!8m2!3d20.6761861!4d77.019645!16s/g/11ny3d4dyk!19sChIJfxHjZLkt1zsRpwTT2wqiOQI
New Disha English School,9199005789,"Spoken English, Tuition, English Academy",4.3,16,,"Gajanan Nagar, Akot",Akola,Akot,,https://www.google.com/maps/place/New Disha English School/data=!4m7!3m6!1s0x3bd71bb2553582e9:0xb1a2506fb1055eb8!8m2!3d21.1038199!4d77.0621128!16s/g/11c5_tvmj5!19sChIJ6YI1VbIb1zsRuF4FsW9QorE
Prof. Santosh Kute Examination Center,,NEET,4.3,56,,"Gorakshan Rd, Akola",Akola,Balapur,,https://www.google.com/maps/place/Prof. Santosh Kute Examination Center/data=!4m7!3m6!1s0x3bd72d9ff55dbb4b:0xbf764cc704ddef0f!8m2!3d20.6846247!4d77.0264665!16s/g/11q8sw1pmp!19sChIJS7td9Z8t1zsRD-_dBMdMdr8
Science Club Akola,7242454937,Science,4.3,28,,"Chhoti Umari, Akola",Akola,,,https://www.google.com/maps/place/Science Club Akola/data=!4m7!3m6!1s0x3bd72e1a3157ee3b:0x838c7bdc55950913!8m2!3d20.710439!4d77.0194186!16s/g/11bbxgd8v9!19sChIJO-5XMRou1zsREwmVVdx7jIM
Shri Shivaji College Of Arts Commerce And Science,7249085596,"Commerce Classes, CA",4.3,536,,"Deshmukh Peth, Akola",Akola,Akot,,"https://www.google.com/maps/place/SHRI SHIVAJI COLLEGE OF ARTS, COMMERCE AND SCIENCE,/data=!4m7!3m6!1s0x3bd73123b9aa31ff:0xa3aa48085f476f04!8m2!3d20.720599!4d77.0005081!16s/g/11h2722c64!19sChIJ_zGquSMx1zsRBG9HXwhIqqM"
Yuvatarang Junior College And Yuvatarang Defence Academy,7660904411,"Defence, Army",4.3,203,,"Hyderabad, Telangana",Akola,Balapur,,https://www.google.com/maps/place/YUVATARANG JUNIOR COLLEGE AND YUVATARANG DEFENCE ACADEMY/data=!4m7!3m6!1s0x3bcba2eccff63a4d:0x353bad3712611d4f!8m2!3d17.2874043!4d78.4921945!16s/g/11cn9z06kh!19sChIJTTr2z-yiyzsRTx1hEjetOzU
Huda English School,9552818681,Tuition,4.2,16,,"Kasaar Khera, Balapur",Akola,Balapur,,https://www.google.com/maps/place/Huda English School/data=!4m7!3m6!1s0x3bd74a2aa930ff7f:0x745c28459f6b3dc1!8m2!3d20.675331!4d76.7803017!16s/g/11c2ncbjp4!19sChIJf_8wqSpK1zsRwT1rn0UoXHQ
Lalit Tutorial Campus 4,9049433433,Tuition,4.2,315,,"Toshniwal Layout, Akola",Akola,,,https://www.google.com/maps/place/Lalit tutorial campus 4/data=!4m7!3m6!1s0x3bd72e047ec2124b:0xec1197167d1aceea!8m2!3d20.7023115!4d77.0163857!16s/g/124ypt8_3!19sChIJSxLCfgQu1zsR6s4afRaXEew
Maharashtra Academy,9371555525,UPSC,4.2,21,,"Shakambari Square So2, Durga Chowk",Akola,,,https://www.google.com/maps/place/Maharashtra Academy/data=!4m7!3m6!1s0x3bd7317a37dc0243:0x4a2a87c5ca2277d1!8m2!3d20.7144773!4d77.0090008!16s/g/11s2jdqrn0!19sChIJQwLcN3ox1zsR0XciysWHKko
Rathi Coaching Classes Akot,,Tuition,4.2,11,,"Gokul Colony, Akot",Akola,Akot,,"https://www.google.com/maps/place/Rathi Coaching Classes, Akot/data=!4m7!3m6!1s0x3bd71a3413c2e749:0x75bbe002866efa29!8m2!3d21.0894214!4d77.05182!16s/g/11gfngq9f5!19sChIJSefCEzQa1zsRKfpuhgLgu3U"
Kids Planet School Akot,,Kids Learning,4.1,7,,"327w Wjf, Akot",Akola,Akot,,https://www.google.com/maps/place/Kids Planet School Akot/data=!4m7!3m6!1s0x3bd7198674f691b7:0x6fa44329f794d5de!8m2!3d21.0648039!4d77.0465322!16s/g/11dx925pvj!19sChIJt5H2dIYZ1zsR3tWU9ylDpG8
Sharp Line Coaching Classes,,Tuition,4.1,9,,"Shivsena Nagar, Akola",Akola,Barshitakli,,https://www.google.com/maps/place/Sharp Line coaching classes/data=!4m7!3m6!1s0x3bd7311f9e7c2b31:0xf8dff3fe8d14be91!8m2!3d20.6958247!4d76.9859636!16s/g/11k9p4fcqv!19sChIJMSt8nh8x1zsRkb4Ujf7z3_g
English Grammar Academy,9766001517,Tuition,4.0,2,,"Ranpise Nagar, Akola",Akola,,,https://www.google.com/maps/place/English Grammar Academy/data=!4m7!3m6!1s0x3bd72fd99ab779c9:0xc0dd643724f1cfca!8m2!3d20.7106482!4d77.016151!16s/g/11v60pjrc4!19sChIJyXm3mtkv1zsRys_xJDdk3cA
Physics By Dandale Classes,,"NDA, Tuition, Science",3.9,38,,"Umiya Asara Colony, Akot",Akola,Akot,,https://www.google.com/maps/place/PHYSICS by Dandale Classes/data=!4m7!3m6!1s0x3bd71b53d8dee747:0xd30cc0f9d96d7a20!8m2!3d21.0911763!4d77.0557325!16s/g/11j496wm6s!19sChIJR-fe2FMb1zsRIHpt2fnADNM
Zaufisha'n Coaching Classes,,"NEET, Tuition",3.9,7,,"Gajanan Nagar, Akot",Akola,Akot,,https://www.google.com/maps/place/Zaufisha'n Coaching classes/data=!4m7!3m6!1s0x3bd71b792512e053:0x7c0bc0063c96f5b2!8m2!3d21.102995!4d77.0582481!16s/g/11mxdqhdhx!19sChIJU-ASJXkb1zsRsvWWPAbAC3w
Santosh Kute Coaching Classes,9850398087,"CA, Tuition",3.8,91,,"Ranpise Nagar, Akola",Akola,Akot,,https://www.google.com/maps/place/Santosh Kute Coaching Classes/data=!4m7!3m6!1s0x3bd72e1d20a858e7:0x5d79ff3aad364fd7!8m2!3d20.710927!4d77.0144963!16s/g/12m93cb05!19sChIJ51ioIB0u1zsR1082rTr_eV0
Ahir Typing & Computer Center,9767611760,"Computer Classes, CS",3.5,2,,"Gujratipurah, Balapur",Akola,Balapur,,https://www.google.com/maps/place/Ahir Typing & Computer Center/data=!4m7!3m6!1s0x3bd74bcee7a1620b:0x275394a64f39933a!8m2!3d20.6598579!4d76.7716038!16s/g/12m97vvk8!19sChIJC2Kh585L1zsROpM5T6aUUyc
Akola Zidd Academy,8999984819,"Police Bharti, Tuition",3.5,4,,"Front Of Sundarbai, Akola",Akola,,,https://www.google.com/maps/place/Akola Zidd Academy/data=!4m7!3m6!1s0x3bd7319f4bf2248b:0x328d8279ccb03e78!8m2!3d20.7111637!4d77.0035045!16s/g/11l2cmsf_c!19sChIJiyTyS58x1zsReD6wzHmCjTI
Institute Of Vocational And Technical Education Akola,8698510392,Tuition,3.0,1,,"Bhandaraj Bk, Akola",Akola,,,"https://www.google.com/maps/place/Institute of Vocational and Technical Education, Akola/data=!4m7!3m6!1s0x3bd731d0175dff7b:0x47ff461d6ce07940!8m2!3d20.7007416!4d77.0078561!16s/g/11q95f_tb0!19sChIJe_9dF9Ax1zsRQHngbB1G_0c"
Purohit Coaching Classes,,"Railway, Tuition",3.0,2,,"1, Akot",Akola,Akot,,https://www.google.com/maps/place/Purohit coaching classes/data=!4m7!3m6!1s0x3bd71b378d313c0f:0x41a30e90c2981e72!8m2!3d21.0895482!4d77.0528264!16s/g/11j2vfjdw0!19sChIJDzwxjTcb1zsRch6YwpAOo0E
&,9975858348,"Mathematics, Vedic Maths",,,,"Tayade Colony, Sutala Kh.",Akola,Balapur,,"https://www.google.com/maps/place/𝔸𝕒𝕣𝕧𝕚 𝕔𝕠𝕒𝕔𝕙𝕚𝕟𝕘 𝕒𝕓𝕒𝕔𝕦𝕤& 𝕧𝕖𝕕𝕚𝕔 𝕞𝕒𝕥𝕙𝕤 𝕔𝕝𝕒𝕤𝕤𝕖𝕤, 𝕥𝕒𝕪𝕕𝕖 𝕔𝕠𝕝𝕠𝕟𝕖𝕪/data=!4m7!3m6!1s0x3bd75133ef58da6f:0xce350af43327bac6!8m2!3d20.7249513!4d76.5704967!16s/g/11yrp2gc9r!19sChIJb9pY7zNR1zsRxronM_QKNc4"
Afzalsirs Bioscienceacademy,,Science,,,,"Kagzi Pura Baldar Hafiz, Balapur",Akola,Balapur,,https://www.google.com/maps/place/AfzalSirs BioscienceAcademy/data=!4m7!3m6!1s0x3bd74b2aff110123:0x9af0c18c178b8c5b!8m2!3d20.6625255!4d76.7716121!16s/g/11tdckf8wb!19sChIJIwER_ypL1zsRW4yLF4zB8Jo
Babasaheb Dhabekar School And Junior College,,SSC,,,,"Mh Sh 197, Barsi Takli",Akola,Barshitakli,,https://www.google.com/maps/place/Babasaheb Dhabekar School and Junior College/data=!4m7!3m6!1s0x3bd0d318fac35e7d:0x5988668a28a0a0a1!8m2!3d20.5781834!4d77.0644301!16s/g/1hc82phg_!19sChIJfV7D-hjT0DsRoaCgKIpmiFk
Balapur,,"Police Bharti, Tuition",,,,,Akola,Balapur,,https://www.google.com/maps/place/Balapur/data=!4m7!3m6!1s0x3bd74bcf064eacb5:0xf5968b2ff0024811!8m2!3d20.6684362!4d76.7625073!16zL20vMGYwOTdu!19sChIJtaxOBs9L1zsREUgC8C-LlvU
Bioscience Academy,8087209675,Science,,,,"Akot Road, Akola",Akola,Akot,,https://www.google.com/maps/place/BIOSCIENCE ACADEMY/data=!4m7!3m6!1s0x3bd731fe8187a71d:0xbcadbc519cda227!8m2!3d20.7441391!4d77.0025531!16s/g/11y8clvgqj!19sChIJHaeHgf4x1zsRJ6LNGcXbygs
Danish Academy Balapur,8421038329,English Academy,,,,"Mominpurah, Balapur",Akola,Balapur,,https://www.google.com/maps/place/DANISH ACADEMY BALAPUR/data=!4m7!3m6!1s0x3bd74b26f7f00a8d:0x714555f1b928afce!8m2!3d20.6614578!4d76.7699561!16s/g/11q9tf825r!19sChIJjQrw9yZL1zsRzq8oufFVRXE
Dnyanesh Commerce Classes,,"Commerce Classes, Tuition",,,,"Jijamata Chauk, Akot",Akola,Akot,,https://www.google.com/maps/place/Dnyanesh Commerce Classes/data=!4m7!3m6!1s0x3bd71a4907858253:0x8a08d1b31a068702!8m2!3d21.0969207!4d77.0483907!16s/g/11hbfgxs3v!19sChIJU4KFB0ka1zsRAocGGrPRCIo
Hiwrale Coaching Classes,9404103123,"CA, Tuition",,,,"Naka, Balapur",Akola,Balapur,,https://www.google.com/maps/place/Hiwrale Coaching Classes/data=!4m7!3m6!1s0x3bd74b28780f49ed:0x40acdca4f2362f8e!8m2!3d20.6674322!4d76.785063!16s/g/11t1d0x5tz!19sChIJ7UkPeChL1zsRji828qTcrEA
Kids Abacus Zone,,"Tuition, Abacus",,,,"Gandhigram, Akola",Akola,Akot,,https://www.google.com/maps/place/Kids abacus zone/data=!4m7!3m6!1s0x3bd73b82e5340dcb:0x2565b095f8ceadd5!8m2!3d20.861666!4d76.9912956!16s/g/11yms9cly9!19sChIJyw005YI71zsR1a3O-JWwZSU
New Vision English School Gaurakshan Chaubepura Balapur.,,Tuition,,,,"Mq5c Rw4, Balapur",Akola,Balapur,,"https://www.google.com/maps/place/New Vision English School, Gaurakshan,Chaubepura, Balapur./data=!4m7!3m6!1s0x3bd74bd1f9874de3:0x75cad03d06c83c67!8m2!3d20.6595104!4d76.7723215!16s/g/11h110xjwz!19sChIJ402H-dFL1zsRZzzIBj3QynU"
Police Academy,,"Police Bharti, Tuition",,,,"Bhandaraj Bk, Akola",Akola,,,https://www.google.com/maps/place/Police Academy/data=!4m7!3m6!1s0x3bd731f0c840482b:0x588f7c5aab83c326!8m2!3d20.6987985!4d76.9973219!16s/g/11cn6rg_hs!19sChIJK0hAyPAx1zsRJsODq1p8j1g
Police Training Center,,"Police Bharti, Tuition",,,,"Wakapur, Akola",Akola,,,https://www.google.com/maps/place/Police Training Center/data=!4m7!3m6!1s0x3bd731b97c1b6b79:0xaed9b9da2e62e14c!8m2!3d20.7219621!4d76.9835578!16s/g/1vy7f0yy!19sChIJeWsbfLkx1zsRTOFiLtq52a4
Shree Coaching Classes,,Tuition,,,,"Umiya Asara Colony, Akot",Akola,Akot,,https://www.google.com/maps/place/Shree coaching Classes/data=!4m7!3m6!1s0x3bd71b60b472a31f:0x1123a736b746939c!8m2!3d21.091757!4d77.0536038!16s/g/11j0q3m4hr!19sChIJH6NytGAb1zsRnJNGtzanIxE
Shree Swami Samarth Abacus & Vedic Maths,9325506261,"Mathematics, Abacus, Vedic Maths",,,,"Malkapur, Akola",Akola,,,https://www.google.com/maps/place/Shree Swami Samarth ABACUS & VEDIC MATHS/data=!4m7!3m6!1s0x3bd72d82fd721ef5:0xedfedee350a6dbbf!8m2!3d20.6790446!4d77.0286049!16s/g/11yry88hrw!19sChIJ9R5y_YIt1zsRv9umUOPe_u0
Shreediksha English School,,English Academy,,,,"Midc Balapur, Bhikundkhed",Akola,Balapur,,https://www.google.com/maps/place/Shreediksha english school/data=!4m7!3m6!1s0x3bd7490035f8f6d5:0x97ebecb4ca4c3e9!8m2!3d20.681821!4d76.7929107!16s/g/11lct9f9f_!19sChIJ1fb4NQBJ1zsR6cOkTMu-fgk
Shri Swami Vivekanand English School,,"Spoken English, Tuition, English Academy",,,,"Appaswami Colony, Akot",Akola,Akot,,https://www.google.com/maps/place/Shri Swami Vivekanand English School/data=!4m7!3m6!1s0x3bd71a35e5e2dee9:0x5128f020721790ed!8m2!3d21.0933665!4d77.0514232!16s/g/12hslbjht!19sChIJ6d7i5TUa1zsR7ZAXciDwKFE
Swami Academy Of Vedic & Abacus,8793812979,"Mathematics, Abacus, Vedic Maths",,,,"New Radhakisan Plots, Akola",Akola,Akola,,https://www.google.com/maps/place/Swami Academy of vedic & abacus/data=!4m7!3m6!1s0x3bd7313a1c0d1b9b:0x4599e14e46ff9b87!8m2!3d20.7055749!4d77.0012299!16s/g/11vwhsm_82!19sChIJmxsNHDox1zsRh5v_Rk7hmUU
Tayade Sir Home,,Tuition,,,,"Prch 5fg, Paras",Akola,Balapur,,https://www.google.com/maps/place/Tayade sir home/data=!4m7!3m6!1s0x3bd7370056c289f9:0x4488a6d3a70b7d61!8m2!3d20.7204497!4d76.8287117!16s/g/11vy37bwnb!19sChIJ-YnCVgA31zsRYX0Lp9OmiEQ
